Title,ArtistId
Thank year machine.,898
Simply commercial.,594
Where deal.,967
Country deal wrong.,1567
During court candidate.,1116
Beyond large.,521
Free culture become.,631
Player include bit.,86
On dinner.,274
Maybe.,594
Production fear.,827
Lose today.,8
Still teach.,309
Glass.,325
Standard last measure.,1695
Public.,1096
Wide mind senior.,1494
Bill role.,205
About.,707
Crime contain.,1658
Chair consumer ready.,1815
Let war.,306
Pull.,1476
Wife standard.,473
Finish which.,421
Skill voice whether another.,1674
Mother mission.,468
Responsibility.,543
Six local.,1114
Almost hold.,1759
Hear early.,1573
Hard charge.,1806
Upon must management.,1796
Law all ago.,897
Kind report.,1297
Kitchen explain yard.,1217
Soldier guy.,1289
Activity.,947
Again east television.,1811
Together author.,129
Together official person.,1340
Economy avoid forget.,307
Middle.,1731
Poor guess.,887
Doctor former shake.,1076
Specific begin like.,975
Outside decade thank say.,1490
Wrong national.,1106
Season when.,326
Camera main behavior.,984
Understand newspaper.,1507
Continue give eye.,1887
Next design either.,1339
Shake class south.,1559
While thus range.,1181
Others specific create.,1968
Ground show poor.,1094
Notice concern city eight.,164
Stage.,612
You idea.,523
Model home.,1802
Hear help travel surface.,1789
Response interest.,186
Particularly long force.,161
Itself design staff.,1220
Free believe majority husband.,1356
Compare writer chance.,161
Measure course.,322
Listen sit will.,1608
Artist between information.,935
He deal.,1405
Exist campaign.,339
Paper nation impact.,1762
Site anything.,775
Probably firm nearly.,1735
System reach window.,1848
Suggest process.,984
Sign evening certain.,789
Control memory word.,858
Those recent.,1972
Tree everyone learn.,884
Than three.,1239
Serious certainly fund.,1949
Kitchen medical.,1168
Responsibility.,1188
Tree sound door.,758
Star occur seem.,1497
Carry.,1702
Deep right high.,1574
Institution world.,1101
Note front might.,815
Dinner understand.,1905
Shake fast action.,1646
Sell couple.,1951
Risk later important.,865
Hour morning.,864
Pick view culture.,167
Skill effect.,45
Woman blue beautiful treatment.,655
Into space.,1224
Everything language parent.,547
War lose.,307
Rock.,482
Front blood maybe resource.,511
Cover administration night.,474
Of area.,1430
What.,854
People activity set.,76
Under stage.,1356
Article safe manage.,173
Brother she.,242
Movie serve last.,1492
Man walk partner.,1152
Good society stock.,1468
Mean course.,1379
Girl from situation.,1879
Seven technology letter.,693
Capital coach set.,1161
Amount table.,1476
Win.,659
Bar save paper.,788
Administration ten say.,220
Opportunity.,1601
Source president might.,662
Subject international phone.,184
Best treatment most.,1302
Discuss lawyer.,1661
Daughter interesting.,142
American particular reach.,1896
Organization society.,1791
Computer finally.,570
Establish fish.,637
Whether idea to.,1297
Every ahead industry.,1544
Experience month.,253
Stay later this.,1065
Ground customer put.,242
Once last.,1813
Radio success.,1115
Bag quite.,294
Subject want necessary sound.,976
Specific tonight project.,998
Local rather.,1287
Usually cup building.,1557
Pattern.,342
Condition suddenly.,568
Keep ability public.,874
Them control number.,1487
Son office.,270
Prove table mean.,337
Seem agreement everyone.,1143
Operation wear think policy.,1466
Hotel.,884
Author professor ever.,1988
Necessary painting nor.,1487
Type item.,1490
Old trial.,1620
Blood drug career.,1653
These eight.,1450
Eight worker husband.,1348
Cause environment.,845
Sister brother.,598
Society citizen few.,817
Catch change door.,1698
Front each floor.,17
Carry marriage doctor.,1191
Central spend receive.,275
Lead help answer.,4
Assume coach our.,1169
Response yeah future.,1361
Individual scene attack.,1545
Including three.,1593
Health read.,501
Growth check forget.,1756
Visit leave then.,1221
Discuss down.,949
Impact must camera.,226
Last.,914
Sign get.,1065
Stand matter we.,994
Become beat surface.,1409
What word.,315
Including.,802
Practice arm they.,1037
Hand respond rise issue.,83
Republican several work such.,357
Walk must.,1799
Organization do lose.,825
Free point.,1499
Director.,978
Majority machine party.,1006
Available move capital.,1858
Color blood put style.,1323
Authority election process.,1277
Police dream.,731
Team senior prove factor.,650
Question over send.,1491
Window.,1007
Half it.,1564
Others myself day interest.,1553
Leave technology.,1994
Contain Mr role growth.,432
Education campaign.,768
Break.,1044
Beat often.,2
Send trip office.,178
Let minute.,211
Phone region natural.,1199
My.,1005
Education.,572
Old case difference.,745
Study subject social.,114
Choose hard stand.,1600
Music mean.,919
However prove.,1929
Large throw.,139
Benefit paper poor.,685
Voice senior food.,1440
Will story.,1099
Pretty stay cultural.,1856
Nearly choice money.,1942
Human among.,1398
Whether teach seem.,759
Accept hair.,397
Almost I language bag.,1364
Deal.,106
Then garden beat.,888
Level up.,1830
Worry beautiful read.,635
While nation.,777
Several goal nation.,1451
Manager follow environment.,1712
Three break.,706
Stock kid.,1034
Speak choice.,1510
Something improve and.,462
Very paper.,454
Hundred.,1598
Doctor.,149
List effort floor.,1277
Professor without.,1940
Like financial.,1821
Against anything trial.,1329
Truth current.,1923
Know entire.,23
Feel report hot.,1292
Food prove.,116
Between student.,1148
Himself benefit radio.,1303
Similar less.,875
Page serious.,1484
Science.,1418
Sure tough war.,316
Deal social.,738
She heart coach.,1581
Party set benefit carry.,1104
Resource marriage.,1451
Out raise action.,1753
Door chance under.,274
Heavy unit.,928
Drive particular.,863
Tax argue.,1546
Herself feel environment ability.,1248
Fast majority Mr.,1713
Debate.,92
New go specific.,1163
Maybe loss thus.,305
Family student.,1074
Executive.,1209
Play market forget.,481
Democrat play.,405
Begin.,545
Culture lay.,1497
Capital everything scientist.,1332
Fact mouth.,136
Reveal article truth.,254
Wind point.,281
Knowledge.,1105
Along let.,1265
Many property.,778
Class base treatment.,174
Material movie.,1524
Seat prepare.,415
Stay throughout they.,931
Under bring.,906
Research special campaign sit.,399
Anything matter give.,1650
Page big only.,260
Plan catch office.,1437
Step half talk.,990
Bag red bill threat.,1188
Pick past.,534
Series another different notice.,1048
Present hospital believe.,1831
Describe away.,559
Grow stand left before.,755
Service deal.,938
Dinner relationship all forward.,1936
Strategy boy future.,447
Including who hit.,1097
Hand majority even.,1297
Old hundred buy.,299
College early.,962
Main page board.,115
Decade my tonight.,1797
Into resource.,1056
Instead agency.,897
Real because.,1103
Late inside wrong.,691
Necessary the.,1565
His too official.,161
Eat form.,86
Much floor term.,1657
Difficult stock star.,1401
Number tree.,544
Treatment forward.,1023
Why office expert.,377
Risk gas.,1953
Do wife.,935
Final cause.,1825
Capital least down.,1554
Whatever toward computer.,947
Prove exactly bad.,991
Price but.,1609
It whatever.,1834
Station bring.,1588
Man cut.,695
Want draw.,1133
Page student.,1827
Door despite able.,1962
Operation again leave.,281
Gas population environment.,1624
Play million himself.,1925
Third us.,1544
Site sell.,1513
Agency those.,1316
Day senior professor.,54
Early wall road.,910
Feeling friend whatever.,196
Agency police team.,986
Teacher peace similar.,961
Low official book.,769
Size share skill.,367
Young hear.,1439
Near somebody prevent.,96
Three debate goal.,1806
Local song.,1168
Choice just.,831
Particularly list charge.,660
Message poor left great.,892
Foot successful treat.,1282
Police issue middle.,426
Technology step without.,1792
Field time.,1160
Finally here coach.,1586
Step me.,711
Game including here.,959
Case father picture.,786
Near treat.,382
Believe ever.,1286
Land best.,1259
Tv west.,1581
Else white.,1878
Consumer against memory.,72
Wife seek.,947
Old meet able.,1109
Hot spend.,63
Because large enjoy each.,1304
Apply bag still.,802
Need something.,1119
Research woman growth risk.,310
Range need far.,1663
Great charge.,1980
Fast think himself.,57
Team good bank.,412
Follow section.,791
Common big difficult.,1929
Just foreign finish.,24
May instead middle.,1847
Mr perhaps.,1470
Official bank late drop.,325
What because voice.,844
Appear hear hit.,500
Moment million all should.,456
Garden outside.,1810
Gun sell piece.,1331
Ground laugh method.,234
World different.,476
Run poor.,943
Speech space concern street.,1417
Poor run.,1871
Democrat attorney station.,1255
Interview politics pay.,1098
Building audience.,1986
Per on wear.,1034
Cell offer perform.,1158
Then service cold.,820
Audience somebody.,1055
Side medical.,1725
Clearly may.,229
Center.,422
My this.,1275
Live story.,1109
Marriage until.,1146
State agency same music.,1423
Return.,1852
Citizen.,488
Accept serious.,1238
Daughter fish.,1385
Out particular dog.,337
Available check.,1721
Girl thousand.,1584
Perform church.,1419
Really consider might.,1511
Paper child way every.,1853
Reality.,159
Morning.,162
Science financial.,543
Drive run third.,623
Service animal.,999
Pull wide.,467
True hand.,1067
Right.,1951
Reason both mention.,262
Everything help.,1072
View spring.,250
Seat.,1114
Take radio.,1213
Popular indicate.,479
Recently then.,1014
Increase doctor budget.,951
Than never measure.,1293
Son call bill.,533
Enough how.,382
Capital among financial send.,1302
Relate personal find.,1299
News sit firm.,1742
Audience player between.,352
Rich recent above.,1328
Short western law.,479
Itself.,158
Watch dog rather.,431
Community among avoid.,1704
Other than happy.,353
Soon like.,68
Field difference listen.,37
However type heart.,876
Already bill.,1335
Agent.,1048
Prevent wife.,1328
Within agree indicate.,1597
Their how particularly.,15
While to behind section.,607
Local clearly.,1718
Hard dark ahead capital.,1013
Mean money close.,1653
Series admit.,646
Level mean.,510
Article experience.,1601
Both discuss.,1687
Health if father.,573
Something.,1373
Dark.,691
Throw prove course.,982
Six science animal.,569
Tax.,841
Usually do summer.,454
Reach concern.,776
Clearly treat number.,1148
Economy treatment evidence animal.,675
Though quite size.,1107
Doctor successful.,619
Give teacher memory.,1303
Store society discover.,502
Foreign unit.,879
Clear may cup.,1959
East.,1132
Free perform growth.,600
Else beat whose.,75
Hot natural science successful.,1201
Prepare day mention.,1938
Anyone color serve tree.,676
What institution social.,284
Maybe attention person.,19
Upon may.,1567
Late once attention.,562
Road.,1758
Population daughter.,316
Thought ahead most.,1584
Ready sing.,1376
Consider study.,1373
When toward ten.,1480
Most at million.,1877
Common build gas.,1663
Right until.,531
Answer by fact.,508
But miss.,729
Rate green about economic.,701
Her professor majority.,1967
Hard daughter.,1332
Throughout tax.,245
Degree new.,358
Up.,881
Money surface let drive.,1833
Really believe most.,1370
Admit well.,205
Drive any.,769
Card drop.,1862
Life.,1190
Degree movie.,198
Consumer decade especially.,234
Hear simply no.,1973
Officer watch after.,101
Hospital somebody financial.,549
College million.,1132
Fall.,242
Local list along.,1854
Respond sit.,1241
Single tough.,1650
Study indicate.,1097
Use vote become.,1195
Situation region director.,1836
Tell claim boy.,1428
Let defense.,1900
Guy perform economy.,224
Test left always.,1029
Notice anything.,1138
Scene character.,99
Perform radio.,1597
Gun present ahead fall.,1854
Grow home main.,1896
Management public model.,1133
Lose court.,1205
Third.,197
Give involve.,244
Believe assume.,1160
Town again.,1358
Break use.,1679
Eight federal.,684
Seven type walk.,668
None ever.,877
Article program store.,1
Similar what free.,632
Chance letter nearly.,1402
Though.,305
Sometimes school.,563
Beautiful cell.,462
Debate rock father.,987
Soon ever job.,239
Glass beautiful if.,74
Role film those.,661
Forget.,693
Section relationship finish.,548
Mission eight respond.,1887
Think.,246
Worker experience support strategy.,526
We.,1051
Quickly.,947
Future likely.,1145
I customer difficult.,73
Body suggest.,1153
Face simple president.,616
Water unit same point.,23
Family somebody likely.,1499
Black.,526
Rate up despite beat.,1699
Ball art person.,275
Fine education.,1943
Coach personal.,555
Describe art.,521
East stage.,1435
Expert spend.,863
Conference response.,1771
Left current strong.,1263
Popular employee.,125
Me present.,290
Pass exist.,105
Risk book.,917
Require anyone say.,223
Right individual.,1206
Thank threat.,189
Military owner happy.,984
May unit region.,177
Trip never.,956
Particular national the.,1187
Write.,1251
Energy nature hear.,1483
Medical shake.,1192
Reality place.,1120
These he.,313
Feel put defense.,129
Thank rule them any.,1332
Wall follow.,3
Character case fear.,1503
Listen fly bill.,758
You important material.,1275
You dog up.,16
Bed out western station.,956
Quite model.,794
Threat more trouble.,1130
He hit ten.,195
Standard would subject.,1360
Even summer you.,1565
Those.,431
Few news.,382
Production pay.,1657
Night enter go.,1773
Should public figure.,247
Building might.,1210
Through figure.,842
Science fly change.,582
Accept top.,1986
Course appear.,728
Up street.,86
View real science.,825
South total image.,81
Draw address suddenly.,911
Term join.,967
Different.,662
Government field gun where.,1781
Brother impact.,723
We floor rich.,804
Important everybody store note.,1362
Material entire.,461
Trade affect major.,733
Share ok.,256
Sing woman past occur.,420
Morning candidate.,1061
Check full my.,424
Worker hit rich.,1886
Rule fight.,142
Better here.,1954
Enter shoulder shake.,1421
Heart soldier.,427
Than night site.,29
Store thing.,1815
Believe world.,274
Pattern thank.,889
Space group.,1731
Gas.,1186
True skin modern.,1363
Child support.,957
Hundred truth cut.,657
About at.,1686
Challenge player.,665
Member side.,1534
Little each.,1869
Enjoy movement edge.,464
Industry rich answer.,1531
Couple feeling.,1083
Candidate painting thought.,1489
Police fight bank environmental.,211
High heavy.,1331
You certain.,282
Peace tell suddenly.,580
Manager even exist.,1094
Audience young leader.,1595
Fear street paper throw.,272
Career think since.,1920
People entire buy.,1603
However such.,1456
Life half program.,348
Hospital commercial.,877
Tonight study ball.,1687
Instead stock score.,1985
Build ask.,650
Guy piece body.,1970
Point doctor throw street.,18
Blood pretty business.,463
Family present.,1402
Figure those.,327
Low worry.,758
Participant now.,1728
Young military.,478
Less account take.,1318
Point person.,359
Skill establish loss.,768
Fear return.,1691
Visit former include.,1554
Cell down run.,552
Never southern movie.,78
Large father.,1634
Natural wish body.,16
Something culture.,1556
Company her.,312
Sort must.,1204
Debate.,1943
Employee above central respond.,1847
As these rise.,1582
Owner perhaps share.,698
Themselves speech.,1664
Ready certainly.,795
Probably left him.,664
Film friend someone.,112
House moment boy.,174
Close finish author.,342
Foreign fish.,1732
Environment treat hold.,1836
Skill issue its.,331
News meet majority.,237
Blue mother civil.,59
Sing new nothing.,846
Cut wife.,329
Amount.,1782
Day hot from.,1207
Where blood husband.,283
Finally century cup.,1173
Instead edge nice.,1683
Mr finally just.,1751
Tend.,548
Ground sort.,1465
Manager look just.,551
Heavy feeling.,1858
Husband begin once speak.,83
Until improve.,67
Court ball international.,1829
West north political.,1104
By large standard.,574
Free and.,1925
Former possible capital.,746
Player head.,384
Human ahead staff.,984
Newspaper window around.,263
Situation hair weight.,1356
Person can.,714
Itself quickly.,245
Cost public.,1165
Guess rich letter.,1723
Minute light ask.,68
She for body.,59
Speech ok set now.,294
Only central.,1691
Nearly guy trade.,1866
Protect feeling.,964
Pay agreement really.,1975
Skin argue myself Republican.,866
Eat.,870
Better long tell.,975
About group.,1640
Often point most.,1388
Speech appear.,932
Effort.,257
Also his with.,922
Perhaps.,115
Ready whose.,1465
Impact suggest.,225
Available important religious.,1508
Able special institution.,1254
Middle provide.,210
Over unit college.,1475
Blood.,991
Bad.,1455
Southern accept.,8
Think perform.,1392
Soon year.,842
Politics thing dinner.,133
Environment religious include.,1525
Heavy work market.,949
Big foot.,1131
Trial start this.,95
Difficult space easy.,748
Explain.,1862
Recent dark.,1954
Person consider ask.,1303
Include theory.,627
Manage continue.,1730
Do population town.,88
Remember station wish dinner.,1597
Price current business perform.,217
Trial care.,1664
Eight begin.,505
Late father life.,1658
Cold.,247
Phone radio sound.,1090
Worker cost central why.,983
Money lose Mrs.,324
Cold sit north.,1691
Left message.,1544
Smile break.,215
Coach consumer much.,821
Camera hospital computer.,1563
Coach send others move.,540
Bad blood another risk.,726
Almost main hit doctor.,1585
Trouble site.,1476
Late memory.,146
Management may.,950
Size writer reveal.,749
Result place risk agent.,262
Every begin.,409
Three conference back kitchen.,917
Quickly really raise.,1114
Exactly example.,1389
Hit free.,1295
However strong foreign.,1871
Center similar.,1684
Someone brother.,813
It describe interest.,624
Owner change significant each.,538
Environmental to personal.,1685
Story sister during manager.,1424
Cover.,1485
Production nothing.,1833
Many.,1277
Adult over kid lawyer.,876
Success former.,1014
Because leg market.,1276
Should young.,631
Fast bad.,1486
Newspaper participant.,956
Shake.,1870
Decision spring our.,1720
Sell soldier.,935
Far fish deal.,791
Sit.,1
Mrs off.,1271
Maybe project billion.,954
Push loss bad.,1973
Trial I.,1260
Hold trip.,1359
Old memory large.,675
Special six many.,936
Response rise.,729
Never real.,82
Agent tree agent.,1475
Others share.,15
Apply step.,1515
Management thought surface enjoy.,1388
Understand security skin inside.,1235
Tend.,599
Child consumer special.,485
Seem certainly word.,1769
Bill attorney expect.,1791
They certain national.,181
Meet.,79
North fear baby.,567
Difference author.,881
Beautiful its.,1305
Deal animal within.,525
Family along today.,1946
Whole success necessary.,665
Just art.,1666
Record culture.,1656
Military since.,1816
Prove Democrat quite.,145
Back above.,1500
Choose eye vote.,676
Or same research any.,295
Huge with.,191
His stop yard push.,1358
Between risk sense either.,1333
Me body.,569
Eight technology.,946
Above policy.,1851
Forward computer particular.,170
Pm raise.,1280
Season particularly tough.,1624
Name evening.,194
Matter economic.,857
Speak mean score.,1189
But teach.,494
Big or blue.,802
Hundred particular suffer.,745
Computer mention event.,1859
Computer chance war.,1303
It movie turn.,412
Past similar provide.,1158
Per stock piece.,1653
More purpose outside.,1014
Center cold thought.,728
Writer page offer.,1994
Minute present ahead.,1750
Professor account form.,950
Body music whole.,186
Show same decision.,392
Huge.,752
Player tax remember.,1017
Anything social.,1830
Picture guy market.,1778
Skin keep.,1394
Teacher also against.,102
Tell morning education.,1755
Fight challenge throughout.,336
Green really most.,510
Certain type.,912
Animal detail.,1401
Strong room because.,1428
War animal.,899
Least worker.,426
People who.,1294
Author himself media.,961
Later provide.,658
Home dinner.,304
Our.,644
Behind same.,1947
Expert red do.,256
Work chair.,1497
Discover.,396
Soldier election.,913
Run off own.,1864
Shake try computer.,722
Management region today.,177
Middle edge.,459
Ball our.,366
Stay.,792
Force head field.,493
Rate upon.,705
Air under stay important.,209
Laugh several at.,109
Ability race.,1820
Might democratic middle.,1544
Break quickly.,999
Future force.,1033
Article they others.,1555
Design spend so.,729
She fund test.,769
History find.,204
Certainly billion according get.,340
Safe.,1118
Religious watch.,1832
Customer prove.,982
Wide serve involve.,1127
Because positive community.,1286
Money character military.,430
Meeting guess.,967
Film check.,1614
In land stop.,840
Project.,841
Soldier official.,1480
Somebody fall.,459
Than third resource.,753
Base leader game true.,1930
Bank ball wear.,808
Effort develop statement.,1219
Its list.,37
Kind and age report.,823
Central the world.,1269
Race enjoy.,1374
Price where common.,450
Campaign together.,1525
Always.,1033
Group because.,1942
Sense different answer.,126
Development again.,1878
Apply benefit.,463
Issue notice field.,439
However reduce.,1280
Be method true.,310
Rule student these.,1483
Glass enough within admit.,58
Image Mrs carry.,91
Environmental.,1736
Coach including morning.,1128
Live beautiful.,503
Safe dog.,1141
Station time serious tree.,1908
Painting argue.,1047
Soldier effect.,560
In.,1152
Others yard.,741
Old leave benefit.,916
Mind might.,273
Seek outside.,905
College.,956
Center different follow if.,287
Organization tell.,580
Season bag.,987
Center different.,1390
Hundred president.,728
Myself run.,1580
Ok doctor capital lose.,559
Trial lead hospital.,487
Season themselves result.,705
Free day.,1912
Tonight money.,1807
Alone require reflect.,742
Know first.,581
Action carry.,633
Reveal budget environmental.,1947
Name foot.,1788
Toward agent.,1811
Eat morning.,621
Continue interview.,263
Finish night.,522
Various pull.,264
Performance without let.,1168
Down end.,1070
Education song recently.,534
Piece agent.,1530
Edge believe mean.,1507
Follow development.,690
Usually rather.,820
Table especially discover.,126
Office.,392
Research eat son.,213
Question maintain.,852
Reality maintain claim.,322
Picture role.,768
It word establish.,752
Large even.,1102
